RANK	LEMMA	FREQUENCY	RANGE	UDP
1	הוא	121,008.92	43455	22,227,310.52
2	ה	50,841.12	43458	9,153,952.58
3	את	35,337.28	43426	6,357,357.64
4	ל	29,102.77	43448	5,311,835.36
5	לא	27,213.76	43433	4,822,345.74
6	זה	26,418.69	43441	4,614,840.01
7	ב	24,839.48	43450	4,472,208.92
8	של	20,088.89	43445	3,529,189.96
9	ש	20,028.64	43439	3,527,087.63
10	היה	13,312.52	43420	2,298,194.02
11	מה	12,192.80	43403	2,107,876.08
12	ו	9,840.85	43429	1,687,960.58
13	על	9,119.70	43430	1,597,865.21
14	כול	6,842.01	43414	1,174,558.76
15	ידע	6,205.85	43323	1,032,405.06
16	כן	6,232.26	43226	971,073.85
17	מ	5,479.15	43411	943,781.99
18	יש	5,519.12	43376	937,885.08
19	עשה	4,941.68	43311	810,088.75
20	אבל	4,757.33	42963	785,248.37
21	טוב	4,891.35	43291	766,201.25
22	רצה	4,671.67	43202	765,197.00
23	אם	4,444.59	43321	745,301.07
24	עם	4,333.17	43331	727,755.37
25	אמר	4,128.07	43196	681,096.31
26	אז	4,052.24	43202	653,014.96
27	סדר	4,305.52	42733	619,555.39
28	צריך	3,501.64	43101	554,553.56
29	רק	2,996.30	43306	492,899.21
30	חשב	3,021.85	43062	486,623.93
31	כאן	3,217.62	41759	482,525.32
32	הלך	3,297.97	43040	474,757.64
33	דבר	2,835.26	43192	460,896.72
34	איש	2,904.93	42958	447,039.01
35	אל	2,829.27	43249	445,302.82
36	כך	2,777.32	43151	439,802.19
37	יותר	2,682.46	43206	437,958.99
38	שם	2,640.94	43109	419,597.40
39	יכול	2,531.17	43141	395,488.52
40	ראה	2,399.17	43120	384,717.06
41	עכשיו	2,398.62	42758	376,752.89
42	אחד	2,308.83	43074	367,649.84
43	משהו	2,190.14	42768	347,937.78
44	למה	2,234.96	42608	347,496.06
45	בא	2,166.77	43050	337,851.62
46	זאת	2,365.90	41920	331,839.07
47	או	2,131.42	42796	327,755.51
48	זמן	2,054.03	43034	327,428.07
49	נכון	2,037.30	42700	316,377.56
50	כמו	2,002.99	42849	312,095.47
51	אין	1,945.44	42895	311,530.13
52	איך	1,898.80	42714	303,623.98
53	מי	1,927.41	42688	299,032.16
54	זו	2,012.55	38399	279,356.01
55	והיי	2,006.58	36676	267,355.76
56	כמה	1,691.00	42552	266,855.79
57	גם	1,657.26	42702	258,224.80
58	אולי	1,630.97	42239	248,128.64
59	נראה	1,603.47	42564	247,930.02
60	בית	1,689.04	40888	239,606.95
61	כדי	1,580.41	41152	235,870.54
62	קרה	1,541.01	42161	234,080.20
63	דיבר	1,495.64	41648	228,461.87
64	פעם	1,479.18	42191	227,908.16
65	דרך	1,431.59	41924	217,772.03
66	כ	1,396.49	42075	215,809.23
67	באמת	1,443.69	41591	213,274.80
68	הגיע	1,383.15	41984	212,188.29
69	מן	1,342.58	42071	208,680.69
70	חייב	1,399.35	40994	205,875.28
71	אחר	1,319.13	41924	204,371.79
72	עוד	1,343.73	42041	203,716.90
73	יום	1,374.21	41382	203,492.76
74	פשוט	1,427.29	40438	202,151.77
75	תודה	1,390.71	40779	201,382.26
76	כי	1,431.30	38980	200,396.45
77	כבר	1,292.23	41870	196,833.94
78	ילד	1,478.80	39003	196,063.68
79	אהב	1,378.72	40244	195,979.56
80	חיים	1,325.23	41514	195,630.26
81	בן	1,397.82	40029	189,652.26
82	מישהו	1,230.50	40919	185,007.30
83	קיבל	1,258.75	40776	182,920.92
84	מאוד	1,249.26	40437	180,116.99
85	לפני	1,165.26	41249	177,825.48
86	אלה	1,205.87	38074	175,864.37
87	אף	1,156.10	40829	174,348.57
88	עד	1,126.08	41190	172,739.78
89	הרבה	1,109.41	41188	169,322.17
90	רגע	1,138.53	40784	167,602.20
91	שנה	1,131.09	39679	163,922.25
92	עדיין	1,074.35	40811	162,899.29
93	עצמו	1,058.48	41000	161,896.89
94	האם	1,301.20	31767	160,232.98
95	ניסה	1,041.05	40669	157,586.42
96	חזר	1,047.71	40579	155,734.53
97	מצא	1,067.02	39632	152,592.88
98	מקום	1,022.76	40314	152,190.76
99	מת	1,080.04	39030	151,080.12
100	איפה	1,029.43	38203	147,222.19
101	אלוהים	1,088.19	35618	146,740.38
102	אדם	1,032.75	38089	142,442.27
103	הצטער	983.47	38552	141,426.15
104	עבר	935.03	40252	140,794.43
105	הכיל	947.86	34316	139,697.20
106	הבין	921.06	40099	138,979.22
107	חבר	964.33	38452	137,171.10
108	גדול	940.92	39208	136,557.19
109	איזה	924.60	39606	135,631.78
110	ממש	984.20	37369	135,556.18
111	בוא	946.82	38124	132,984.64
112	נתן	887.93	39452	132,919.69
113	קצת	904.88	38554	132,689.73
114	שמע	883.99	39499	132,389.87
115	עבודה	926.65	37349	131,496.42
116	הנה	911.68	38711	130,297.94
117	קדימה	1,026.32	34380	129,949.65
118	שני	871.35	39248	128,672.38
119	עזר	861.50	38806	125,101.16
120	יצא	838.60	39369	124,499.62
121	ובכן	974.64	27119	124,415.44
122	כש	819.06	38893	122,574.91
123	שוב	812.25	39393	121,475.41
124	לילה	873.88	35873	121,454.78
125	יד	840.78	37277	120,281.50
126	היום	831.50	37991	120,063.40
127	בדיוק	795.28	38931	118,899.34
128	אחת	795.49	39146	118,611.48
129	פה	924.87	32392	116,621.23
130	בבקשה	823.33	36882	116,224.18
131	הגיד	786.67	35355	113,058.11
132	אי	758.57	38291	111,108.95
133	קטן	767.54	37651	110,553.07
134	שום	755.65	36788	110,128.53
135	הרגיש	767.59	36977	108,848.61
136	אמא	862.25	26720	108,596.03
137	בטוח	731.46	38426	108,451.32
138	אפילו	721.87	38453	108,303.40
139	קשר	757.66	36266	107,386.86
140	קרא	722.63	37324	106,028.92
141	חדש	736.64	37387	105,906.04
142	תמיד	715.90	37943	105,650.60
143	אחרי	712.94	37831	105,300.02
144	אבא	820.11	29216	103,670.52
145	בשביל	732.76	35703	103,305.56
146	האמין	691.02	37080	100,444.06
147	בעיה	687.42	36380	99,810.93
148	הכיר	677.77	36335	99,235.94
149	התכוון	697.25	35138	98,459.83
150	סיפר	691.75	35660	97,955.32
151	מר	757.16	26570	95,214.18
152	שלום	694.08	34158	94,865.61
153	תן	653.40	35753	94,253.34
154	אה	813.58	22759	93,461.70
155	בטח	643.27	35618	92,057.76
156	כסף	701.11	28087	90,607.92
157	שעה	629.52	34939	90,469.46
158	עבד	615.84	35370	89,600.67
159	הביא	608.22	36660	89,451.10
160	מדי	605.77	34092	88,988.08
161	נמצא	624.10	34685	88,554.51
162	בגלל	627.50	33952	88,193.45
163	אחרון	597.58	36237	87,766.60
164	הרג	665.89	29925	87,503.76
165	ספר	650.41	32397	87,101.46
166	מוכן	595.09	35648	87,047.02
167	עניין	596.93	34716	86,003.11
168	לקח	566.91	35652	83,585.74
169	גרם	572.16	35168	83,370.70
170	גבר	616.60	31398	82,991.22
171	סיבה	587.32	34419	82,978.18
172	לב	578.66	34293	82,220.28
173	ראש	577.71	33647	81,881.27
174	אפשר	577.08	33563	81,809.19
175	שאל	548.02	34201	80,204.19
176	חברה	581.20	31444	79,229.20
177	עמד	532.42	34456	78,025.07
178	אכל	545.16	34354	77,965.88
179	חדר	562.65	31987	77,850.34
180	קשה	520.41	34923	76,722.92
181	אדוני	617.58	23260	76,519.32
182	התחיל	515.97	35015	76,507.15
183	רב	537.32	32606	75,953.11
184	הניח	518.51	33988	75,032.29
185	עולם	548.18	31680	75,017.87
186	נשאר	507.27	33880	73,774.10
187	תראה	517.75	31667	73,242.61
188	שב	492.98	34110	72,989.04
189	מקרה	506.88	32986	72,812.54
190	משפחה	539.47	29823	72,784.69
191	בוקר	511.84	30693	72,209.75
192	עזאזל	517.82	28613	69,812.27
193	כלום	480.33	31268	68,572.37
194	חוץ	468.18	32860	68,572.21
195	נכנס	466.72	33029	68,256.57
196	שבוע	475.15	30773	68,134.99
197	הו	560.98	17359	67,849.84
198	הכי	479.66	31255	67,765.96
199	אמור	462.96	33337	67,605.95
200	די	474.97	31259	67,154.39
201	חושב	479.44	28956	66,446.25
202	עסק	471.81	29969	66,443.09
203	חלק	453.04	32785	66,248.29
204	סוף	453.48	31625	65,679.31
205	בת	483.08	28383	65,290.77
206	ביותר	456.85	28965	64,134.84
207	עזב	438.85	31038	63,029.01
208	מצב	434.39	31396	62,470.12
209	זהו	456.73	28003	62,452.11
210	אינו	502.82	22002	62,360.35
211	שמר	419.67	31883	61,599.30
212	פנים	428.38	31491	61,479.32
213	בלי	425.60	31103	61,449.68
214	יפה	430.19	29667	61,276.12
215	חיפש	427.55	31018	61,268.16
216	הביתה	429.84	29329	60,905.53
217	עובד	417.59	30543	60,455.00
218	עבור	443.04	24695	60,153.44
219	בין	411.64	31121	59,891.76
220	רע	411.00	30810	59,707.99
221	הפך	412.11	30971	59,488.44
222	אמת	419.64	29720	59,396.20
223	כאילו	422.08	30119	59,394.22
224	אוקיי	499.98	11607	59,144.42
225	כמובן	410.97	29256	58,631.74
226	עיר	433.88	26088	57,827.31
227	הספיק	389.09	31940	57,607.73
228	אוכל	407.47	29281	57,359.32
229	מעולם	398.10	28830	57,351.62
230	השתמש	395.83	30709	57,198.31
231	שמח	400.63	30078	57,072.51
232	זכר	397.52	29885	56,908.95
233	המשיך	385.28	30977	56,696.83
234	דקה	394.64	28622	56,299.13
235	אמיתי	392.30	29258	56,195.03
236	העליי	399.75	24793	56,037.05
237	יחיד	380.58	31360	55,808.32
238	בעל	395.08	27783	55,099.53
239	נהדר	398.01	26285	54,808.89
240	אכפת	375.84	29977	54,622.15
241	קודם	369.46	31900	54,390.60
242	אלו	412.35	21603	54,342.83
243	תוכנית	398.15	26625	54,262.49
244	כדאי	381.19	28723	54,141.97
245	משחק	418.83	24065	53,994.07
246	חשוב	364.04	29954	53,320.25
247	ביקש	367.36	28968	53,226.56
248	נעשה	363.45	30093	53,192.10
249	נשמע	360.32	30269	52,698.89
250	מכונית	406.22	21273	52,631.30
251	לעולם	367.12	28630	52,465.45
252	מספר	375.71	25912	52,401.84
253	סליחה	375.07	25859	51,849.38
254	נחמד	361.55	27659	51,636.20
255	התקשר	366.95	25533	51,491.69
256	עין	355.23	28544	51,095.14
257	קיווה	339.39	29695	49,882.57
258	סיפור	359.30	26111	49,756.49
259	שאלה	346.90	27781	49,697.00
260	בחור	353.18	25592	49,550.29
261	חכה	353.50	25911	49,428.77
262	קרוב	334.26	29164	49,081.52
263	שינה	333.20	29600	48,874.52
264	הפסיק	332.59	28808	48,461.70
265	לעזאזל	354.18	24177	48,195.05
266	הודה	338.13	26896	48,159.38
267	כתב	352.64	23615	48,051.14
268	עלה	327.08	28020	48,007.14
269	מהר	336.87	27051	47,727.53
270	מוות	348.60	24487	47,473.71
271	אופן	327.33	26925	47,198.15
272	טלפון	344.31	22700	46,849.00
273	ישן	324.50	27460	46,580.60
274	תרא	329.43	25651	46,288.16
275	מחר	325.52	25269	46,192.82
276	לאן	319.10	27273	46,008.24
277	בכלל	314.78	27698	45,909.59
278	אך	385.52	15600	45,620.53
279	כוח	340.59	23354	45,303.74
280	רעיון	312.93	26575	45,051.22
281	לגבי	325.87	23852	45,041.46
282	ילך	305.77	27026	44,598.31
283	עצר	313.61	26180	44,452.62
284	מוזר	313.45	25833	44,201.31
285	ללא	318.60	24590	44,127.48
286	מזל	305.24	26640	44,048.49
287	הצליח	305.24	25896	43,439.64
288	שנייה	302.19	26144	43,406.72
289	צדק	298.74	27334	43,322.78
290	גברת	331.04	20248	43,306.13
291	חיכה	295.03	27476	43,261.38
292	נוסף	303.43	25572	43,229.02
293	דלת	312.74	24076	43,186.33
294	אח	321.28	22129	43,183.74
295	חזרה	303.50	25849	43,145.96
296	חודש	301.43	24849	43,056.36
297	מתי	293.94	26975	42,811.45
298	חזק	298.58	25977	42,649.30
299	משטרה	323.01	18340	42,102.91
300	במקום	284.12	27901	42,077.75
301	סוג	294.47	24733	41,865.95
302	שיחק	302.95	23577	41,797.36
303	למד	294.15	24951	41,691.19
304	שלח	291.17	25495	41,631.27
305	חץ	288.29	25677	41,610.97
306	אחי	329.83	17859	41,573.60
307	דם	320.20	20297	41,477.92
308	חלה	310.72	21244	41,434.43
309	כמעט	281.40	27109	41,434.30
310	צוות	310.61	21080	41,346.42
311	ברור	286.40	25902	41,332.36
312	ערב	296.13	23196	41,310.28
313	וה	279.53	26863	41,281.91
314	דולר	314.65	18338	41,161.75
315	בחר	282.89	26160	41,120.38
316	חי	284.29	25663	40,760.78
317	כלל	278.64	25929	40,627.30
318	החזיק	282.37	25545	40,626.24
319	בדק	285.13	24773	40,478.32
320	לאחר	287.91	23190	40,342.26
321	כנראה	280.36	24952	40,073.26
322	כדור	303.73	20345	40,010.80
323	רוח	288.02	23413	39,800.36
324	הבחור	286.50	22331	39,689.71
325	מאוחר	269.37	25779	39,409.18
326	השאיר	268.59	26619	39,389.70
327	קנה	277.93	23964	39,203.17
328	רצח	310.41	16162	39,051.82
329	הוציא	266.24	25538	38,662.52
330	איתך	262.46	25409	38,471.02
331	מבין	260.84	25479	38,133.04
332	סיים	257.89	25437	37,552.96
333	התראה	266.97	22837	37,500.68
334	פחד	267.35	22795	37,440.14
335	שלוש	263.61	22791	37,439.85
336	למעשה	264.72	23015	37,394.30
337	משרד	277.96	19641	37,341.92
338	ככה	261.25	23796	37,325.42
339	שילם	265.52	22382	37,304.84
340	כאשר	289.88	15772	37,203.37
341	גרוע	254.92	25267	36,893.79
342	כבוד	266.43	21817	36,857.39
343	הבטיח	255.29	24500	36,843.15
344	חסר	252.86	24559	36,622.96
345	תמונה	268.53	20845	36,579.12
346	מלא	248.01	25189	36,390.04
347	לכן	257.71	22825	36,356.69
348	לבד	253.05	24642	36,334.20
349	שוטר	290.24	14924	36,263.50
350	איבד	251.51	24396	36,235.05
351	נסע	264.57	20354	36,215.36
352	השיג	249.66	23811	35,891.45
353	לגמרי	251.39	23158	35,749.77
354	החוצה	252.68	22603	35,733.34
355	לפחות	241.21	25727	35,549.87
356	נ	242.49	24902	35,447.84
357	במשך	244.12	23392	35,168.03
358	פרק	246.34	27236	35,138.22
359	איתי	241.34	24239	35,115.36
360	חושבת	248.37	22479	34,933.82
361	פגע	245.53	23466	34,885.83
362	הת	238.73	24614	34,765.13
363	בחייך	250.63	20788	34,647.91
364	סרט	270.08	16423	34,209.10
365	שכח	234.51	23959	34,131.92
366	בבקש	236.31	23109	34,115.62
367	צעיר	242.48	21498	34,054.05
368	ישב	233.75	23369	33,963.80
369	בהחלט	236.73	22666	33,917.54
370	שונה	235.15	23096	33,823.17
371	קח	237.86	21743	33,700.21
372	א	246.98	20598	33,669.57
373	צריכה	242.19	21649	33,561.11
374	מעל	233.18	22991	33,324.40
375	קל	227.86	24171	33,263.27
376	מטה	240.09	20269	33,183.99
377	ותק	249.98	18007	33,124.56
378	לשם	225.19	24044	33,098.96
379	אהבה	249.54	18292	33,084.77
380	יחד	234.73	21633	33,047.58
381	קורה	230.18	23024	32,834.36
382	הקשיב	228.03	22621	32,779.88
383	אתמול	234.91	21452	32,769.90
384	מילה	229.60	22043	32,737.27
385	נקודה	231.75	21657	32,715.73
386	הכול	269.42	11674	32,670.68
387	צורה	229.16	22438	32,619.72
388	נגע	235.17	21069	32,512.80
389	בלתי	227.90	21790	32,316.19
390	מים	241.56	18838	32,195.27
391	למעלה	229.19	20843	32,169.08
392	מושג	222.77	23299	32,167.89
393	פתח	224.93	22423	32,150.08
394	נהג	228.98	20845	32,114.59
395	סתם	226.73	21609	32,045.04
396	היכן	249.05	16013	32,042.37
397	סלח	226.18	21207	31,969.96
398	הסתכל	221.65	22239	31,936.39
399	בתוך	224.12	21982	31,825.03
400	כוונה	219.25	23367	31,815.50
401	מייד	221.99	21960	31,754.50
402	מערכת	236.45	18981	31,750.62
403	נגמר	221.22	22750	31,673.90
404	הזדמנות	220.09	22444	31,575.73
405	תינוק	253.53	14886	31,544.58
406	הראה	216.72	22842	31,463.59
407	הערב	232.61	18671	31,374.79
408	עזרה	218.48	23031	31,327.98
409	אלא	215.41	22893	31,217.37
410	אתן	220.47	21524	31,029.50
411	סיכוי	216.52	22067	30,832.27
412	הפעם	211.44	23297	30,806.02
413	ניצח	225.98	19665	30,796.91
414	הציל	227.24	19759	30,788.14
415	נשק	231.36	18112	30,773.61
416	רופא	234.77	16659	30,569.07
417	שלושה	216.13	20973	30,552.98
418	י	217.36	20366	30,142.76
419	קול	224.59	17953	29,974.60
420	אוי	231.73	16449	29,966.62
421	כאב	216.83	19849	29,820.81
422	שתי	206.35	21679	29,695.86
423	אעשה	203.70	22636	29,539.90
424	כפי	210.91	19918	29,424.98
425	רציני	204.36	21409	29,310.72
426	הציע	205.25	21157	29,234.52
427	וואו	227.03	15605	29,183.80
428	כלא	224.46	15589	29,175.10
429	אדיר	218.21	17816	29,119.99
430	כלומר	219.69	16988	29,060.04
431	דין	226.93	14317	28,825.21
432	ביחד	208.36	19338	28,684.00
433	בעוד	200.88	21239	28,641.30
434	כרגע	205.01	19976	28,513.72
435	שיר	220.27	15685	28,468.29
436	מלחמה	222.93	14580	28,291.00
437	דעה	198.70	20700	28,162.33
438	כלב	222.64	14561	28,161.94
439	לפעמים	197.11	21002	28,138.62
440	כעת	223.23	14172	28,112.22
441	נעלם	202.86	19993	28,095.16
442	שיחה	200.39	19897	28,067.30
443	למען	200.50	19906	28,020.53
444	חמש	200.75	19160	27,981.72
445	רחוב	206.14	17507	27,813.91
446	נורא	198.72	19735	27,792.23
447	שניים	193.25	20788	27,652.46
448	מיוחד	196.17	20056	27,599.23
449	האליי	199.52	18630	27,555.89
450	ירד	192.70	20241	27,389.68
451	ודה	190.54	21077	27,347.06
452	קבוצה	209.25	15813	27,177.08
453	שאר	190.62	20718	27,160.26
454	זונה	207.61	15443	27,136.14
455	שכן	190.95	21089	27,135.19
456	נגד	196.68	18684	27,078.49
457	אלי	191.31	19944	26,985.67
458	יצר	197.48	18486	26,925.73
459	יופי	199.93	18075	26,916.58
460	ארץ	206.49	15669	26,750.94
461	מדינה	201.80	15768	26,725.20
462	תפס	189.40	20032	26,709.99
463	חוק	198.36	17001	26,665.18
464	גר	194.35	17985	26,457.55
465	החזיר	185.84	20104	26,053.44
466	גש	183.49	19488	25,872.35
467	אקדח	206.18	12963	25,829.10
468	שה	179.04	20798	25,746.59
469	מידע	194.28	16139	25,694.72
470	טיפל	182.77	19710	25,625.25
471	משפט	202.09	13243	25,502.57
472	גנב	189.43	17273	25,454.84
473	מסוגל	183.37	18869	25,425.40
474	תורגם	183.74	19872	25,182.90
475	ארוחה	182.99	18292	25,096.14
476	שקט	180.46	18622	25,074.92
477	צד	178.71	19226	24,993.82
478	אש	192.82	15071	24,903.81
479	מצטער	177.03	19572	24,824.49
480	אב	187.02	16121	24,752.28
481	ליד	173.76	20052	24,667.90
482	טעות	175.47	19445	24,620.91
483	פחות	172.52	19982	24,539.97
484	רגיל	173.06	19572	24,453.20
485	תיק	189.62	14271	24,444.04
486	גבוה	173.98	18756	24,392.46
487	מלך	207.75	9924	24,234.01
488	מדוע	192.68	12801	24,156.73
489	ניתן	171.44	18888	23,988.53
490	הגן	175.92	17830	23,933.98
491	הצלחה	169.09	19333	23,899.78
492	מספיק	167.51	20251	23,880.50
493	רכב	182.51	15119	23,842.73
494	כיוון	173.34	17992	23,836.28
495	פשע	183.46	14565	23,830.07
496	הורה	178.63	16310	23,742.47
497	הסכים	169.25	18770	23,706.65
498	הוריד	169.55	18273	23,499.72
499	לחץ	172.52	17264	23,480.23
500	דאג	169.20	18349	23,357.49
501	יכולת	166.59	19032	23,302.07
502	נפלא	174.49	16076	23,298.72
503	תדאג	164.66	19026	23,015.10
504	תחת	164.84	17993	22,927.89
505	הכין	165.99	18648	22,920.72
506	עץ	176.20	14898	22,901.55
507	הודעה	169.29	16692	22,803.00
508	חרא	184.92	11147	22,743.92
509	מוח	172.45	15815	22,731.49
510	מטרה	170.87	15951	22,708.94
511	גוף	170.08	16491	22,704.01
512	הא	178.76	12766	22,467.57
513	אצל	162.63	17589	22,416.64
514	מצחיק	163.76	16994	22,215.93
515	שנא	162.46	17318	22,179.80
516	לפ	160.76	17418	22,154.31
517	בגד	161.62	17232	22,057.70
518	סימן	162.60	16983	22,005.76
519	שווה	157.99	18112	21,964.90
520	קטע	164.09	16392	21,940.73
521	דוד	177.08	12007	21,892.81
522	עלול	158.56	17521	21,732.89
523	רוב	158.26	17127	21,717.56
524	כוכב	174.76	12372	21,684.59
525	העביר	155.94	17975	21,654.58
526	אפשרי	156.08	17658	21,533.04
527	פגישה	163.23	15003	21,525.77
528	אור	159.84	16257	21,492.34
529	מין	160.27	15961	21,412.36
530	ביי	167.40	12971	21,361.19
531	מנהל	163.33	14360	21,346.57
532	בנה	155.16	17246	21,258.71
533	ארוך	151.52	18330	21,245.24
534	זוכר	156.21	16942	21,175.54
535	תפקיד	158.07	15537	21,088.01
536	נעל	157.99	15835	21,039.47
537	ציפה	149.55	18426	20,981.28
538	מוקדם	149.54	18294	20,918.57
539	בקרוב	150.88	18039	20,845.83
540	מתוק	158.32	15261	20,818.09
541	הסביר	149.51	17836	20,770.69
542	אסור	152.51	16451	20,551.71
543	איתן	151.03	16540	20,453.49
544	לבש	151.09	16629	20,447.32
545	לפי	150.84	16438	20,426.84
546	מעבר	148.95	16944	20,415.67
547	דירה	160.75	13077	20,404.80
548	סם	166.80	10829	20,336.70
549	רחוק	147.68	17301	20,331.26
550	שתיים	151.05	15645	20,273.31
551	ניו	163.64	11132	20,272.95
552	בדיקה	158.91	13232	20,266.49
553	מאשר	145.52	17633	20,242.52
554	זוג	152.22	15370	20,178.23
555	עובדה	145.57	17294	20,159.08
556	הופיע	146.45	16743	20,067.84
557	אוויר	151.69	14943	20,004.89
558	החלטה	148.45	15978	20,004.06
559	זז	148.03	16105	19,943.30
560	גידי	149.70	15672	19,940.37
561	מעט	146.86	16294	19,918.81
562	כרטיס	153.30	13967	19,915.97
563	טיפש	147.63	16103	19,894.76
564	מפה	152.42	14189	19,813.95
565	שירות	148.24	15767	19,803.99
566	אישי	143.37	16623	19,654.34
567	ערך	143.65	16806	19,629.98
568	קיים	144.55	16353	19,591.61
569	שחור	151.78	13552	19,568.42
570	עורך	154.40	12270	19,564.62
571	זקוק	146.62	15699	19,544.02
572	בחורה	149.06	14657	19,543.95
573	התמודד	143.53	16712	19,517.27
574	נלחם	150.51	13749	19,341.28
575	מיטה	145.10	15212	19,256.18
576	הזמין	141.84	16304	19,217.46
577	מתחת	140.67	16600	19,147.46
578	מחדש	141.67	16186	19,137.04
579	אלך	139.13	17337	19,077.20
580	מפקד	169.23	6732	19,031.79
581	אימא	170.32	6297	18,948.91
582	המ	143.47	14494	18,834.71
583	הלו	145.96	13386	18,822.25
584	משך	137.63	16544	18,810.59
585	מהלך	140.43	15503	18,797.20
586	בערך	137.83	16236	18,769.03
587	חומר	143.05	14014	18,692.30
588	אית	135.28	17189	18,673.98
589	חלום	146.78	12785	18,651.13
590	שחרר	139.94	15146	18,509.63
591	בתור	137.75	15608	18,417.04
592	ברח	138.25	15514	18,392.03
593	שולחן	138.30	14963	18,390.26
594	הוטרף	136.60	15580	18,325.60
595	נפגש	134.66	16054	18,303.86
596	למרות	135.05	16043	18,296.82
597	צעד	136.83	15122	18,273.83
598	צוחק	140.05	13873	18,252.69
599	קפה	141.11	13261	18,171.09
600	שאמר	131.03	17308	18,158.57
601	מאחורי	132.70	16436	18,117.82
602	יחסים	137.74	13752	17,848.19
603	גב	139.40	12727	17,799.65
604	חג	154.76	7682	17,735.78
605	מס	144.25	10714	17,697.20
606	חדשות	132.52	15380	17,684.76
607	לבן	134.60	14048	17,672.25
608	נרגע	134.64	14117	17,651.29
609	ספק	130.46	15635	17,642.46
610	מושלם	131.33	15526	17,632.35
611	צהריים	131.93	14887	17,598.78
612	רשימה	136.18	13403	17,594.75
613	גמור	130.97	14927	17,456.99
614	יורק	143.43	9829	17,434.56
615	חשבון	131.59	14268	17,373.51
616	זכות	131.24	14256	17,366.56
617	שר	142.37	10350	17,362.96
618	ארבע	130.65	14298	17,328.25
619	התאים	127.22	16114	17,305.27
620	עלייך	131.93	14499	17,246.79
621	חם	129.91	14682	17,242.57
622	שלומך	130.64	13675	17,222.87
623	עתיד	133.23	13385	17,180.78
624	נפל	127.96	15183	17,180.54
625	ים	138.23	11409	17,121.31
626	הכניס	125.56	15835	17,079.77
627	ברוך	128.21	14984	17,074.61
628	טעם	127.69	15311	17,071.57
629	כיף	131.81	14072	17,065.65
630	נשיא	151.43	6364	17,038.40
631	תא	134.30	12524	16,978.58
632	סביבה	126.17	15259	16,969.43
633	נהנה	126.79	15334	16,940.34
634	חמוד	130.86	13620	16,890.01
635	רצינות	126.73	15123	16,885.75
636	קו	130.14	13233	16,876.31
637	קפטן	151.94	6009	16,848.27
638	תחנה	132.88	12378	16,835.83
639	מיליון	134.79	10942	16,820.80
640	תקשיב	127.70	14245	16,801.39
641	זקן	130.64	12838	16,747.65
642	הוביל	125.32	14940	16,687.58
643	מאה	126.35	14247	16,677.42
644	אמצע	122.43	15917	16,665.68
645	זכה	128.73	13316	16,657.83
646	משימה	135.30	11277	16,655.25
647	מותק	132.18	12259	16,611.76
648	סמך	125.34	14787	16,598.62
649	מטוס	140.52	8624	16,593.01
650	מיני	125.26	14421	16,494.92
651	אזור	127.80	13129	16,439.94
652	פנימה	123.61	14506	16,415.87
653	חנות	129.09	12676	16,402.96
654	פעולה	124.84	13885	16,366.53
655	שטח	127.03	13205	16,338.87
656	הרגל	123.80	14088	16,306.13
657	סבל	122.28	14809	16,303.65
658	תשובה	121.96	14878	16,263.69
659	אקח	119.79	15773	16,225.58
660	עשר	123.75	13697	16,197.07
661	תפסיק	123.12	13940	16,126.21
662	הזכיר	118.09	15934	16,081.89
663	נשא	121.55	13857	15,973.28
664	ן	118.91	15104	15,938.03
665	נקרא	118.08	15250	15,882.33
666	אבי	130.11	10450	15,857.54
667	מכר	121.68	13216	15,842.08
668	ראייה	126.22	11606	15,827.21
669	צא	122.33	13087	15,785.69
670	לתוך	119.92	14037	15,756.47
671	כה	123.13	12452	15,657.72
672	הצטרך	116.10	15287	15,646.91
673	החליט	116.23	14991	15,612.97
674	ביצע	119.32	13684	15,599.03
675	בניין	125.13	11215	15,544.10
676	מול	117.33	14323	15,530.03
677	קצר	115.08	15089	15,517.74
678	מחשב	129.25	9644	15,504.76
679	נעים	117.80	13761	15,494.13
680	במיוחד	114.45	15147	15,460.49
681	מלון	126.80	9865	15,419.08
682	המון	118.28	13256	15,360.30
683	אדום	120.91	11969	15,329.05
684	שן	115.04	15141	15,327.05
685	מוצא	114.63	14629	15,319.49
686	שייך	116.56	14040	15,313.17
687	הבחורה	120.11	12398	15,280.28
688	בצד	114.58	14506	15,262.39
689	ניסיון	114.03	14770	15,245.69
690	תרופה	126.29	10022	15,244.60
691	חקירה	125.22	10087	15,243.61
692	שש	117.74	12825	15,190.30
693	עשוי	117.16	13352	15,169.71
694	יחידה	119.76	12092	15,144.45
695	החליף	113.59	14641	15,130.44
696	התחלה	112.05	15161	15,125.40
697	גילה	113.89	14658	15,121.56
698	תוך	114.03	14170	15,109.20
699	חתיכה	115.55	13661	15,101.00
700	אתר	119.61	12246	15,089.12
701	נוח	113.84	14384	15,081.07
702	חתך	115.55	13556	15,078.73
703	צבע	118.29	12078	15,038.51
704	מצוין	117.77	12431	15,035.63
705	צורך	112.41	14581	14,963.92
706	אדון	124.45	9232	14,930.77
707	שער	119.87	11155	14,928.20
708	יקר	112.60	14095	14,892.74
709	העדיף	111.09	14882	14,882.73
710	ככל	111.53	14377	14,824.95
711	מסוכן	113.11	13987	14,810.44
712	חבל	112.44	13954	14,784.34
713	הגנה	116.55	12072	14,779.16
714	גיל	114.61	12759	14,774.09
715	הצטרף	111.71	14144	14,726.63
716	ישר	110.98	13788	14,712.58
717	שינוי	112.46	13717	14,706.12
718	דובר	114.53	12523	14,660.95
719	אראה	109.54	14588	14,608.22
720	הרס	111.16	14270	14,601.03
721	שותף	116.14	11556	14,592.88
722	תהי	111.41	13941	14,582.70
723	לכי	115.25	12188	14,577.24
724	אדמה	117.03	11340	14,570.31
725	ענה	109.98	14788	14,536.55
726	אחראי	111.20	13581	14,514.11
727	מסר	111.96	13107	14,511.56
728	קורבן	123.17	8406	14,461.35
729	סכנה	111.46	13566	14,457.71
730	פיטר	127.62	6788	14,451.25
731	הרשה	108.65	14105	14,425.88
732	זרק	110.00	13618	14,398.68
733	שיעור	114.08	11679	14,339.70
734	הדבר	108.74	14108	14,327.52
735	אידיוט	112.21	12174	14,296.85
736	מפני	117.21	10575	14,277.73
737	שליטה	109.77	13108	14,205.55
738	עונה	109.04	16314	14,204.99
739	אשר	116.53	9766	14,180.13
740	כלשהו	109.14	13207	14,169.95
741	אגיד	108.06	13702	14,149.72
742	סגר	107.96	13586	14,147.49
743	גדל	107.92	13562	14,142.58
744	מבט	107.36	13651	14,119.98
745	צפה	107.34	14047	14,115.97
746	הדה	108.86	13101	14,100.96
747	ספינה	127.94	5607	14,081.82
748	ניתוח	121.60	7930	14,079.55
749	אלף	114.09	10277	14,065.09
750	מהיר	107.88	13155	14,017.46
751	רמה	106.85	12815	13,822.44
752	תוצאה	107.69	12297	13,775.40
753	חכם	104.96	13425	13,732.00
754	פרטי	105.91	12665	13,679.34
755	השתנה	105.04	13421	13,674.09
756	מתנה	107.54	12112	13,647.45
757	ירה	109.72	10718	13,616.51
758	הפריע	103.19	13961	13,612.51
759	טיפול	109.18	10912	13,513.34
760	אמריקני	111.85	9337	13,508.98
761	שקר	105.60	12361	13,480.02
762	נושא	104.50	12484	13,473.45
763	מחלקה	108.70	10556	13,439.33
764	עוזב	102.84	13289	13,398.49
765	שמחה	103.53	13077	13,386.36
766	חייל	115.20	7859	13,371.59
767	מייקל	122.72	5053	13,346.81
768	ניהל	102.32	12930	13,344.14
769	חשבתי	100.66	14490	13,331.88
770	עקב	103.58	12874	13,327.30
771	הסתובב	101.50	13377	13,315.83
772	איי	116.05	7139	13,300.25
773	חופשי	102.71	12818	13,274.52
774	כלי	105.06	11784	13,260.23
775	צבא	111.92	8648	13,250.48
776	מועדון	110.87	8972	13,243.52
777	גמר	102.83	12307	13,210.04
778	מחיר	103.97	11950	13,204.80
779	הלוואה	101.61	13220	13,171.05
780	היקח	100.47	13467	13,160.30
781	ביטחון	103.94	11698	13,131.53
782	פעל	101.72	12705	13,110.08
783	הצעה	103.81	11235	13,030.21
784	לקוח	107.94	9252	12,987.38
785	תאונה	105.63	10322	12,944.52
786	מפתח	104.54	10730	12,935.46
787	לישון	100.94	12295	12,904.31
788	הגיוני	99.27	13055	12,859.74
789	מתוך	98.82	12809	12,816.10
790	לחלוטין	99.56	12506	12,798.11
791	אפשרות	98.89	12787	12,787.30
792	ודאי	104.29	9844	12,661.30
793	שחקן	105.82	8651	12,613.95
794	סוכן	106.83	8570	12,590.35
795	תני	98.64	12338	12,578.92
796	רץ	98.53	11630	12,532.24
797	ההוא	99.43	11584	12,522.00
798	שלם	95.55	13358	12,492.23
799	שלב	98.98	11500	12,478.43
800	פתוח	96.43	12827	12,465.94
801	חלון	98.73	11414	12,448.83
802	איתה	96.34	12929	12,412.61
803	עמוק	96.44	12460	12,393.48
804	מרכז	99.29	10929	12,382.10
805	שומר	97.66	11831	12,352.66
806	פ	97.73	11502	12,326.17
807	מעמד	96.65	11840	12,313.84
808	שעשה	93.56	13540	12,283.06
809	חשש	96.14	12296	12,279.36
810	ק	104.35	8246	12,276.94
811	חך	97.29	11749	12,275.74
812	הוכיח	96.36	11951	12,263.14
813	ייתכן	100.63	10136	12,259.43
814	שנוכל	94.29	13339	12,227.21
815	טום	109.65	5829	12,227.18
816	אצטרך	93.98	13342	12,208.73
817	תקופה	95.31	11999	12,165.49
818	כבד	95.19	11980	12,159.65
819	מהירות	97.15	10975	12,149.82
820	שכר	96.45	11152	12,141.03
821	שלט	95.73	12031	12,131.46
822	התחתן	100.46	9118	12,116.66
823	לפה	99.95	9858	12,108.53
824	יכל	95.77	11541	12,093.68
825	מסוים	94.24	12276	12,081.97
826	מרחק	95.23	11900	12,074.07
827	מאושר	96.31	11038	12,061.54
828	החלק	93.62	12666	12,044.81
829	בעצם	95.39	11350	12,038.70
830	בירה	97.97	10361	12,027.57
831	חייך	93.32	12577	12,001.40
832	בר	95.34	11298	11,991.55
833	עוזר	94.92	11674	11,975.83
834	רגל	94.51	11455	11,975.62
835	בנק	102.96	7262	11,942.09
836	העריך	92.03	12680	11,909.84
837	זיהה	93.99	11751	11,892.34
838	טלוויזיה	98.20	9566	11,874.32
839	כביש	97.48	9677	11,833.28
840	האשים	92.69	12138	11,829.36
841	תגיד	91.94	12195	11,809.98
842	אכן	95.50	10630	11,809.60
843	נצטרך	92.24	12496	11,803.66
844	וב	91.07	12447	11,799.22
845	שמונה	93.89	11034	11,794.78
846	פרנק	109.13	4156	11,722.69
847	פרט	91.84	11925	11,704.02
848	נישואין	97.21	9134	11,654.43
849	שדה	95.58	9777	11,653.74
850	אביך	97.35	9280	11,646.50
851	ם	93.39	10857	11,622.68
852	עצור	94.74	9969	11,598.82
853	נפגע	91.83	11568	11,584.18
854	ידיד	93.52	10365	11,524.33
855	קרב	93.78	10203	11,497.44
856	ר	93.64	10008	11,482.76
857	קלט	92.53	10591	11,441.88
858	תסתכל	90.70	11244	11,381.56
859	מכתב	96.48	7863	11,380.72
860	הפחיד	89.45	11866	11,351.92
861	השנה	91.50	10483	11,348.33
862	שכנע	89.20	11976	11,345.38
863	התרחק	90.19	11527	11,334.51
864	רגש	91.16	10886	11,309.03
865	שבר	89.28	11673	11,304.57
866	התקרב	88.58	12090	11,294.13
867	מעניין	88.40	12116	11,288.93
868	גישה	90.20	11205	11,286.08
869	הוגן	89.12	11626	11,273.59
870	ע	91.50	10061	11,245.14
871	הללו	95.52	8080	11,228.36
872	ויתר	88.70	11732	11,217.31
873	קר	89.51	10900	11,167.88
874	שופט	95.67	7427	11,148.90
875	נפטר	88.40	11360	11,146.73
876	צפון	91.14	9785	11,106.91
877	עדיף	86.97	11850	11,039.94
878	אירוע	88.79	10547	11,012.65
879	נו	90.12	10079	11,006.79
880	ברית	92.53	8500	10,977.05
881	הבחר	87.17	11356	10,964.78
882	ארבעה	88.03	10579	10,964.41
883	סמל	95.67	6868	10,940.66
884	רעב	88.17	10755	10,937.00
885	רצון	87.76	10723	10,908.17
886	דן	92.91	7700	10,881.90
887	הכה	87.37	10523	10,853.90
888	אבן	92.09	8200	10,849.61
889	איום	87.46	10677	10,847.59
890	פגש	85.17	11762	10,845.77
891	זבל	89.73	9105	10,803.07
892	הידי	85.94	11046	10,770.86
893	הסתיים	85.13	11512	10,742.17
894	הלאה	84.86	11215	10,654.23
895	נקי	85.41	10838	10,649.69
896	לאט	87.63	9232	10,607.85
897	סקס	91.36	7981	10,597.71
898	לאחרונה	83.74	11795	10,589.28
899	אחרת	82.17	12093	10,543.32
900	תראו	84.65	10783	10,465.97
901	זהיר	83.93	10768	10,458.12
902	זין	92.29	6072	10,437.30
903	התגעגע	84.83	10209	10,406.50
904	תקווה	83.91	10662	10,396.82
905	אבטחה	88.36	8487	10,391.76
906	חטף	85.14	9866	10,383.19
907	ראוי	83.35	10716	10,379.05
908	כעס	83.58	10766	10,363.10
909	נחש	82.60	11043	10,307.23
910	תכנן	81.84	11352	10,289.05
911	גיבור	86.81	8501	10,276.52
912	מולד	92.44	5476	10,266.64
913	פרס	87.24	7932	10,264.43
914	מכירה	84.74	9343	10,253.83
915	אנושי	86.22	9023	10,252.97
916	ג	87.19	8009	10,233.42
917	היסטוריה	82.86	10043	10,210.95
918	שהייה	80.11	11779	10,198.62
919	עבורך	83.65	9891	10,193.19
920	מחשבה	81.10	11067	10,161.03
921	סביב	81.09	10810	10,149.76
922	סגן	90.44	5969	10,149.25
923	פנה	81.00	10759	10,123.09
924	התעורר	81.45	10636	10,092.96
925	הריח	82.25	10142	10,056.82
926	תיקן	81.78	10546	10,053.67
927	עלי	79.63	11528	10,053.16
928	גבול	82.24	9761	10,015.48
929	רשת	83.90	8897	10,008.24
930	נשבע	80.59	10431	9,994.46
931	אמריקה	84.61	8024	9,991.76
932	יגע	80.51	10380	9,978.10
933	מידה	79.88	10674	9,973.10
934	זהב	85.44	7341	9,941.34
935	כיצד	84.64	7981	9,929.39
936	מישהי	80.92	10164	9,872.38
937	נדבר	78.53	11122	9,865.93
938	כניסה	79.45	10563	9,865.11
939	מקור	81.02	9702	9,859.33
940	מעשה	79.71	10331	9,846.09
941	ממשלה	85.59	6709	9,814.41
942	היטב	79.21	10445	9,808.53
943	תיכון	82.49	8548	9,793.41
944	מנה	80.37	9390	9,756.09
945	ביקר	78.52	10469	9,745.40
946	אורח	79.08	10094	9,730.11
947	עשרה	80.04	9185	9,712.40
948	נהרג	80.13	9546	9,700.47
949	חתונה	87.07	5747	9,697.32
950	הדע	77.32	11125	9,695.32
951	ריק	81.76	8480	9,686.53
952	דרש	77.86	10705	9,674.68
953	בפני	77.94	10488	9,658.03
954	מורה	82.34	7817	9,626.10
955	הפה	78.57	9761	9,620.86
956	צחק	78.02	10313	9,614.25
957	מוכר	77.12	10646	9,599.85
958	שטות	77.72	9762	9,593.07
959	תלוי	76.01	11185	9,576.28
960	החבב	79.58	9143	9,560.52
961	הושלם	77.06	10624	9,552.39
962	קבע	76.58	10636	9,546.81
963	רואה	77.06	10948	9,544.91
964	משום	80.34	8509	9,535.93
965	גן	79.64	8807	9,526.59
966	טיסה	82.21	7279	9,523.55
967	אלייך	78.14	9960	9,517.83
968	עשי	76.60	10993	9,511.87
969	מקומי	77.49	9921	9,504.75
970	הפסיד	77.96	9441	9,500.86
971	סגור	76.32	10525	9,483.09
972	חן	78.86	8825	9,469.23
973	שלישי	76.90	9673	9,433.39
974	חירום	79.14	8933	9,419.71
975	גאה	76.32	10180	9,417.79
976	התחה	77.55	9242	9,416.76
977	תנועה	77.32	9386	9,413.11
978	לשעבר	77.90	9252	9,412.99
979	טען	77.16	9634	9,408.22
980	פול	85.39	5004	9,406.32
981	ארון	79.30	8585	9,390.43
982	אגב	75.36	10783	9,367.74
983	נערה	79.83	7758	9,339.59
984	נער	78.44	8471	9,336.01
985	העמיד	75.05	10781	9,329.74
986	בעצמך	73.90	11272	9,306.95
987	השקר	76.21	9914	9,301.44
988	חש	76.70	9585	9,300.91
989	עצמך	73.87	11145	9,294.70
990	הסתדר	74.51	10726	9,283.55
991	תת	75.21	10301	9,279.69
992	תחושה	75.66	9992	9,278.80
993	תקף	77.29	9368	9,266.38
994	סאם	88.78	2995	9,254.07
995	עשית	73.74	11109	9,239.13
996	בסיס	78.21	8149	9,234.94
997	ראשי	75.85	9411	9,231.71
998	דיווח	76.23	9390	9,221.82
999	המשך	74.32	10453	9,211.77
1000	בוודאי	77.55	8438	9,210.24